"Label (Grouping)","Census Tract 2101.01, St. Louis County, Missouri","Census Tract 2101.02, St. Louis County, Missouri","Census Tract 2102, St. Louis County, Missouri","Census Tract 2103, St. Louis County, Missouri","Census Tract 2104, St. Louis County, Missouri","Census Tract 2105.01, St. Louis County, Missouri","Census Tract 2105.02, St. Louis County, Missouri","Census Tract 2106, St. Louis County, Missouri","Census Tract 2107.02, St. Louis County, Missouri","Census Tract 2107.03, St. Louis County, Missouri","Census Tract 2107.04, St. Louis County, Missouri","Census Tract 2108.03, St. Louis County, Missouri","Census Tract 2108.05, St. Louis County, Missouri","Census Tract 2108.06, St. Louis County, Missouri","Census Tract 2108.07, St. Louis County, Missouri","Census Tract 2108.08, St. Louis County, Missouri","Census Tract 2109.12, St. Louis County, Missouri","Census Tract 2109.21, St. Louis County, Missouri","Census Tract 2109.23, St. Louis County, Missouri","Census Tract 2109.24, St. Louis County, Missouri","Census Tract 2109.25, St. Louis County, Missouri","Census Tract 2109.26, St. Louis County, Missouri","Census Tract 2109.27, St. Louis County, Missouri","Census Tract 2109.28, St. Louis County, Missouri","Census Tract 2110.01, St. Louis County, Missouri","Census Tract 2110.02, St. Louis County, Missouri","Census Tract 2111.01, St. Louis County, Missouri","Census Tract 2111.02, St. Louis County, Missouri","Census Tract 2112.01, St. Louis County, Missouri","Census Tract 2112.02, St. Louis County, Missouri","Census Tract 2113.01, St. Louis County, Missouri","Census Tract 2113.31, St. Louis County, Missouri","Census Tract 2113.32, St. Louis County, Missouri","Census Tract 2113.33, St. Louis County, Missouri","Census Tract 2113.34, St. Louis County, Missouri","Census Tract 2114.01, St. Louis County, Missouri","Census Tract 2114.02, St. Louis County, Missouri","Census Tract 2115, St. Louis County, Missouri","Census Tract 2116, St. Louis County, Missouri","Census Tract 2117, St. Louis County, Missouri","Census Tract 2118.01, St. Louis County, Missouri","Census Tract 2118.02, St. Louis County, Missouri","Census Tract 2119, St. Louis County, Missouri","Census Tract 2120.02, St. Louis County, Missouri","Census Tract 2120.03, St. Louis County, Missouri","Census Tract 2120.04, St. Louis County, Missouri","Census Tract 2121.01, St. Louis County, Missouri","Census Tract 2121.02, St. Louis County, Missouri","Census Tract 2122.01, St. Louis County, Missouri","Census Tract 2122.02, St. Louis County, Missouri","Census Tract 2123, St. Louis County, Missouri","Census Tract 2124, St. Louis County, Missouri","Census Tract 2125, St. Louis County, Missouri","Census Tract 2126, St. Louis County, Missouri","Census Tract 2127.01, St. Louis County, Missouri","Census Tract 2127.02, St. Louis County, Missouri","Census Tract 2131.02, St. Louis County, Missouri","Census Tract 2131.03, St. Louis County, Missouri","Census Tract 2131.04, St. Louis County, Missouri","Census Tract 2132.02, St. Louis County, Missouri","Census Tract 2132.03, St. Louis County, Missouri","Census Tract 2132.04, St. Louis County, Missouri","Census Tract 2133.01, St. Louis County, Missouri","Census Tract 2133.02, St. Louis County, Missouri","Census Tract 2134.01, St. Louis County, Missouri","Census Tract 2134.02, St. Louis County, Missouri","Census Tract 2135, St. Louis County, Missouri","Census Tract 2136, St. Louis County, Missouri","Census Tract 2137.01, St. Louis County, Missouri","Census Tract 2137.02, St. Louis County, Missouri","Census Tract 2138, St. Louis County, Missouri","Census Tract 2139, St. Louis County, Missouri","Census Tract 2141, St. Louis County, Missouri","Census Tract 2142, St. Louis County, Missouri","Census Tract 2143, St. Louis County, Missouri","Census Tract 2144, St. Louis County, Missouri","Census Tract 2145, St. Louis County, Missouri","Census Tract 2146.01, St. Louis County, Missouri","Census Tract 2146.02, St. Louis County, Missouri","Census Tract 2147, St. Louis County, Missouri","Census Tract 2148, St. Louis County, Missouri","Census Tract 2149.01, St. Louis County, Missouri","Census Tract 2149.02, St. Louis County, Missouri","Census Tract 2150.01, St. Louis County, Missouri","Census Tract 2150.03, St. Louis County, Missouri","Census Tract 2150.04, St. Louis County, Missouri","Census Tract 2150.05, St. Louis County, Missouri","Census Tract 2151.02, St. Louis County, Missouri","Census Tract 2151.03, St. Louis County, Missouri","Census Tract 2151.05, St. Louis County, Missouri","Census Tract 2151.41, St. Louis County, Missouri","Census Tract 2151.43, St. Louis County, Missouri","Census Tract 2151.44, St. Louis County, Missouri","Census Tract 2151.45, St. Louis County, Missouri","Census Tract 2151.46, St. Louis County, Missouri","Census Tract 2152.01, St. Louis County, Missouri","Census Tract 2152.31, St. Louis County, Missouri","Census Tract 2152.33, St. Louis County, Missouri","Census Tract 2152.34, St. Louis County, Missouri","Census Tract 2152.35, St. Louis County, Missouri","Census Tract 2152.36, St. Louis County, Missouri","Census Tract 2153.01, St. Louis County, Missouri","Census Tract 2153.02, St. Louis County, Missouri","Census Tract 2154, St. Louis County, Missouri","Census Tract 2155, St. Louis County, Missouri","Census Tract 2156, St. Louis County, Missouri","Census Tract 2157, St. Louis County, Missouri","Census Tract 2158.01, St. Louis County, Missouri","Census Tract 2158.02, St. Louis County, Missouri","Census Tract 2158.03, St. Louis County, Missouri","Census Tract 2159.01, St. Louis County, Missouri","Census Tract 2159.02, St. Louis County, Missouri","Census Tract 2160, St. Louis County, Missouri","Census Tract 2161.01, St. Louis County, Missouri","Census Tract 2161.02, St. Louis County, Missouri","Census Tract 2162.01, St. Louis County, Missouri","Census Tract 2162.02, St. Louis County, Missouri","Census Tract 2163, St. Louis County, Missouri","Census Tract 2164.01, St. Louis County, Missouri","Census Tract 2164.02, St. Louis County, Missouri","Census Tract 2165, St. Louis County, Missouri","Census Tract 2166, St. Louis County, Missouri","Census Tract 2167, St. Louis County, Missouri","Census Tract 2168, St. Louis County, Missouri","Census Tract 2169, St. Louis County, Missouri","Census Tract 2170, St. Louis County, Missouri","Census Tract 2172, St. Louis County, Missouri","Census Tract 2173, St. Louis County, Missouri","Census Tract 2174, St. Louis County, Missouri","Census Tract 2175, St. Louis County, Missouri","Census Tract 2176, St. Louis County, Missouri","Census Tract 2177.01, St. Louis County, Missouri","Census Tract 2177.02, St. Louis County, Missouri","Census Tract 2178.02, St. Louis County, Missouri","Census Tract 2178.06, St. Louis County, Missouri","Census Tract 2178.07, St. Louis County, Missouri","Census Tract 2178.41, St. Louis County, Missouri","Census Tract 2178.51, St. Louis County, Missouri","Census Tract 2178.52, St. Louis County, Missouri","Census Tract 2178.53, St. Louis County, Missouri","Census Tract 2178.54, St. Louis County, Missouri","Census Tract 2179.21, St. Louis County, Missouri","Census Tract 2179.23, St. Louis County, Missouri","Census Tract 2179.31, St. Louis County, Missouri","Census Tract 2179.32, St. Louis County, Missouri","Census Tract 2179.41, St. Louis County, Missouri","Census Tract 2179.42, St. Louis County, Missouri","Census Tract 2179.43, St. Louis County, Missouri","Census Tract 2179.44, St. Louis County, Missouri","Census Tract 2180.12, St. Louis County, Missouri","Census Tract 2180.13, St. Louis County, Missouri","Census Tract 2180.14, St. Louis County, Missouri","Census Tract 2180.15, St. Louis County, Missouri","Census Tract 2180.16, St. Louis County, Missouri","Census Tract 2181.02, St. Louis County, Missouri","Census Tract 2181.04, St. Louis County, Missouri","Census Tract 2181.05, St. Louis County, Missouri","Census Tract 2182.01, St. Louis County, Missouri","Census Tract 2183, St. Louis County, Missouri","Census Tract 2184.01, St. Louis County, Missouri","Census Tract 2184.02, St. Louis County, Missouri","Census Tract 2185, St. Louis County, Missouri","Census Tract 2186, St. Louis County, Missouri","Census Tract 2188, St. Louis County, Missouri","Census Tract 2189.01, St. Louis County, Missouri","Census Tract 2189.02, St. Louis County, Missouri","Census Tract 2191, St. Louis County, Missouri","Census Tract 2192, St. Louis County, Missouri","Census Tract 2193, St. Louis County, Missouri","Census Tract 2194, St. Louis County, Missouri","Census Tract 2195.01, St. Louis County, Missouri","Census Tract 2195.02, St. Louis County, Missouri","Census Tract 2196.01, St. Louis County, Missouri","Census Tract 2196.02, St. Louis County, Missouri","Census Tract 2197, St. Louis County, Missouri","Census Tract 2198.01, St. Louis County, Missouri","Census Tract 2198.02, St. Louis County, Missouri","Census Tract 2199, St. Louis County, Missouri","Census Tract 2200.01, St. Louis County, Missouri","Census Tract 2200.02, St. Louis County, Missouri","Census Tract 2201.01, St. Louis County, Missouri","Census Tract 2201.02, St. Louis County, Missouri","Census Tract 2202, St. Louis County, Missouri","Census Tract 2203, St. Louis County, Missouri","Census Tract 2204.41, St. Louis County, Missouri","Census Tract 2204.42, St. Louis County, Missouri","Census Tract 2204.43, St. Louis County, Missouri","Census Tract 2204.45, St. Louis County, Missouri","Census Tract 2204.46, St. Louis County, Missouri","Census Tract 2204.47, St. Louis County, Missouri","Census Tract 2204.48, St. Louis County, Missouri","Census Tract 2204.49, St. Louis County, Missouri","Census Tract 2204.50, St. Louis County, Missouri","Census Tract 2204.51, St. Louis County, Missouri","Census Tract 2204.52, St. Louis County, Missouri","Census Tract 2205.01, St. Louis County, Missouri","Census Tract 2205.03, St. Louis County, Missouri","Census Tract 2205.04, St. Louis County, Missouri","Census Tract 2206.01, St. Louis County, Missouri","Census Tract 2206.02, St. Louis County, Missouri","Census Tract 2207.01, St. Louis County, Missouri","Census Tract 2207.02, St. Louis County, Missouri","Census Tract 2207.03, St. Louis County, Missouri","Census Tract 2208.01, St. Louis County, Missouri","Census Tract 2208.02, St. Louis County, Missouri","Census Tract 2208.03, St. Louis County, Missouri","Census Tract 2210, St. Louis County, Missouri","Census Tract 2211, St. Louis County, Missouri","Census Tract 2212.01, St. Louis County, Missouri","Census Tract 2212.02, St. Louis County, Missouri","Census Tract 2213.32, St. Louis County, Missouri","Census Tract 2213.35, St. Louis County, Missouri","Census Tract 2213.36, St. Louis County, Missouri","Census Tract 2213.37, St. Louis County, Missouri","Census Tract 2213.38, St. Louis County, Missouri","Census Tract 2213.39, St. Louis County, Missouri","Census Tract 2214.21, St. Louis County, Missouri","Census Tract 2214.23, St. Louis County, Missouri","Census Tract 2214.24, St. Louis County, Missouri","Census Tract 2214.25, St. Louis County, Missouri","Census Tract 2214.26, St. Louis County, Missouri","Census Tract 2215.02, St. Louis County, Missouri","Census Tract 2215.03, St. Louis County, Missouri","Census Tract 2215.06, St. Louis County, Missouri","Census Tract 2216.21, St. Louis County, Missouri","Census Tract 2216.24, St. Louis County, Missouri","Census Tract 2216.25, St. Louis County, Missouri","Census Tract 2216.26, St. Louis County, Missouri","Census Tract 2216.27, St. Louis County, Missouri","Census Tract 2216.29, St. Louis County, Missouri","Census Tract 2216.30, St. Louis County, Missouri","Census Tract 2216.31, St. Louis County, Missouri","Census Tract 2218, St. Louis County, Missouri","Census Tract 2219, St. Louis County, Missouri","Census Tract 2220, St. Louis County, Missouri","Census Tract 2221, St. Louis County, Missouri"
"Total:","1,400","3,961","5,585","2,985","4,142","3,164","3,305","6,645","5,984","3,550","3,950","4,898","6,080","6,151","5,760","3,620","7,155","4,072","5,399","4,456","5,419","2,578","4,681","4,477","4,302","3,368","7,056","5,002","5,337","3,298","6,432","6,067","6,293","4,918","4,258","5,325","2,274","2,989","5,855","3,828","3,553","3,483","4,495","2,866","3,441","3,506","3,467","2,675","3,792","2,079","4,623","2,173","4,599","4,374","3,069","1,881","377","3,278","1,029","7,012","5,014","3,905","3,429","3,726","4,644","1,878","5,222","3,431","836","3,986","4,720","1,437","1,080","2,882","3,714","4,789","3,173","3,891","4,052","6,721","5,481","3,196","3,241","2,840","4,412","3,427","5,941","4,979","2,577","2,434","4,229","2,901","5,672","4,914","2,632","6,657","4,751","5,234","2,071","4,612","3,250","4,689","3,386","5,507","5,260","5,042","5,681","3,943","1,602","2,430","3,337","3,161","1,542","3,337","2,262","3,827","3,950","7,068","2,762","3,071","5,279","2,492","3,539","3,189","2,333","4,002","1,899","3,064","4,915","5,587","7,577","5,425","7,813","7,426","5,595","6,462","5,280","3,168","6,729","5,015","2,290","4,833","7,103","6,366","5,144","6,016","5,402","3,505","5,818","4,955","5,814","1,573","2,914","3,991","3,122","1,793","3,616","3,274","4,313","4,151","5,054","5,064","2,801","6,176","3,425","2,928","3,950","2,679","2,170","6,335","4,764","2,553","4,176","2,579","5,887","3,782","3,757","6,101","5,090","3,199","3,231","4,503","5,704","1,763","6,024","4,473","4,132","4,940","4,414","3,292","5,197","5,189","2,832","4,075","3,881","6,421","2,670","3,873","6,746","5,760","3,329","3,867","2,832","5,657","5,073","4,897","3,323","1,847","3,875","6,219","4,642","5,855","3,781","3,823","3,051","3,739","7,476","3,989","4,912","5,688","2,944","7,476","7,682","5,003","4,512","3,369","7,131","5,953","6,677","5,600","2,227","5,721","3,098","3,871","3,687","5,298"
"    Population of one race:","1,338","3,797","5,392","2,865","4,057","3,063","3,227","6,494","5,764","3,409","3,839","4,730","5,934","5,969","5,537","3,504","6,858","3,827","5,038","4,244","5,112","2,443","4,468","4,326","4,054","3,168","6,698","4,812","5,008","3,086","5,934","5,670","5,774","4,616","3,981","4,990","2,146","2,870","5,535","3,614","3,426","3,398","4,340","2,791","3,348","3,446","3,329","2,589","3,692","2,013","4,454","2,100","4,416","4,164","2,950","1,805","337","3,028","985","6,564","4,689","3,561","3,129","3,427","4,160","1,686","4,808","3,236","782","3,791","4,579","1,409","1,040","2,762","3,471","4,384","2,934","3,562","3,664","6,135","5,062","2,956","2,951","2,686","4,142","3,214","5,603","4,630","2,389","2,249","4,019","2,623","5,331","4,596","2,497","6,280","4,417","4,959","1,980","4,356","3,124","4,414","3,233","5,176","4,860","4,711","5,369","3,720","1,531","2,295","3,183","3,016","1,467","3,083","2,083","3,583","3,717","6,549","2,595","2,844","5,014","2,356","3,305","2,973","2,142","3,660","1,751","2,865","4,617","5,311","7,163","5,140","7,039","7,024","5,270","6,089","5,004","3,018","6,379","4,779","2,164","4,543","6,652","5,897","4,824","5,575","5,098","3,265","5,474","4,695","5,418","1,481","2,802","3,645","2,906","1,655","3,426","3,084","4,074","3,936","4,765","4,807","2,626","5,885","3,136","2,703","3,722","2,538","2,015","6,038","4,442","2,457","3,990","2,422","5,450","3,526","3,507","5,767","4,828","2,985","2,997","4,249","5,078","1,607","5,701","4,241","3,928","4,703","4,176","3,098","4,914","4,895","2,666","3,866","3,646","5,996","2,497","3,591","6,375","5,416","3,125","3,660","2,666","5,346","4,778","4,649","3,049","1,745","3,716","5,868","4,422","5,575","3,557","3,599","2,817","3,563","7,061","3,781","4,654","5,328","2,795","7,073","7,247","4,716","4,265","3,158","6,635","5,636","6,269","5,283","2,128","5,404","2,934","3,655","3,551","5,004"
"        White alone","449","659","513","493","195","92","125","1,066","594","515","179","1,038","594","365","480","304","2,000","1,243","2,276","1,148","1,742","1,173","1,437","988","1,445","1,410","3,109","1,220","2,200","2,255","3,750","3,420","3,570","2,392","2,392","2,804","778","172","1,515","1,059","322","323","228","125","224","148","187","152","123","36","677","229","769","1,318","524","432","252","1,882","475","4,405","3,725","1,921","1,554","1,489","1,664","913","2,672","477","223","1,135","97","22","24","216","1,012","2,608","1,770","2,124","2,256","3,409","3,326","1,812","1,444","1,337","3,355","1,962","3,553","3,303","1,738","1,799","3,331","2,198","3,882","2,679","979","4,738","3,751","3,676","1,704","3,409","2,805","3,425","2,671","4,771","3,605","1,418","1,024","2,947","1,082","1,621","1,079","501","228","1,767","995","2,933","2,967","4,775","2,187","2,211","3,722","1,975","2,675","2,566","1,685","3,088","1,297","2,397","4,142","5,010","6,715","4,419","6,029","5,969","4,530","5,375","3,990","2,706","5,679","3,481","1,887","3,953","5,826","5,280","3,827","5,068","4,491","2,674","4,582","4,374","4,822","1,428","2,539","2,564","2,557","1,399","2,999","2,915","3,760","3,788","4,575","4,627","2,165","5,744","1,992","2,117","3,523","2,422","1,851","5,829","4,153","2,393","3,577","2,210","4,855","3,245","3,128","4,852","4,498","2,714","2,743","3,616","4,417","1,268","5,355","4,057","3,638","4,516","4,069","2,872","4,434","4,662","2,576","3,721","3,513","5,457","2,313","3,013","5,839","4,996","2,938","3,483","2,544","4,894","4,441","4,459","2,165","1,679","3,524","5,598","4,180","5,230","3,376","3,376","2,326","3,401","6,664","3,645","4,470","5,036","2,655","6,836","6,394","4,295","4,101","2,786","5,887","5,097","5,398","4,256","1,693","3,629","305","3,442","3,426","4,637"
"        Black or African American alone","863","3,049","4,842","2,324","3,798","2,938","3,054","5,366","5,048","2,821","3,595","3,592","5,213","5,490","4,980","3,117","4,662","2,426","2,587","2,972","3,219","1,173","2,913","3,165","2,493","1,700","3,420","3,528","2,690","783","1,965","2,005","1,847","2,024","1,470","1,890","1,286","2,591","3,765","2,497","3,011","3,015","4,053","2,613","3,121","3,266","3,094","2,424","3,524","1,955","3,684","1,839","3,563","2,747","2,320","1,328","55","919","424","828","670","999","1,321","1,537","1,938","548","1,673","2,601","494","2,327","4,416","1,365","993","2,492","2,188","1,209","696","1,018","875","1,718","1,341","869","1,007","352","434","794","985","640","323","168","293","254","768","828","648","694","220","500","149","113","65","285","108","56","450","2,254","3,948","596","378","363","1,941","2,430","1,190","446","615","464","481","576","65","95","746","114","487","208","390","406","287","204","128","58","86","119","170","187","163","259","210","59","147","158","48","109","217","195","95","159","144","126","133","74","176","24","22","319","180","127","153","96","208","69","57","74","383","41","1,014","471","68","57","115","70","159","21","214","92","304","81","243","121","98","133","94","142","425","274","146","73","138","37","40","131","201","97","28","33","47","179","67","318","149","135","58","24","31","246","147","33","752","26","4","53","63","148","51","48","362","43","67","24","29","85","14","57","678","78","49","45","144","99","125","67","96","168","2,479","90","38","83"
"        American Indian and Alaska Native alone","9","26","17","12","14","3","8","11","9","25","5","15","13","15","12","5","5","0","8","5","12","1","10","9","7","4","27","9","10","14","9","15","27","12","13","8","5","20","26","3","9","8","12","10","0","6","8","1","4","0","15","6","6","13","14","1","4","4","0","25","10","40","13","28","31","3","24","4","2","20","14","4","0","4","26","33","26","18","42","90","44","5","30","9","11","5","8","17","5","6","4","5","21","28","10","11","10","9","0","5","3","10","4","11","15","22","17","1","4","3","5","6","7","9","0","8","4","15","1","8","5","1","6","3","1","9","12","6","14","3","7","6","17","13","9","3","0","6","16","8","2","7","22","29","6","4","3","2","14","1","6","3","3","13","0","9","2","6","4","9","11","3","3","5","8","4","10","4","2","3","9","0","13","8","39","8","3","32","10","1","8","5","39","9","11","8","17","8","14","7","22","7","3","10","3","24","3","4","12","5","12","6","9","1","17","0","9","2","6","7","3","3","6","4","9","6","10","0","6","1","4","8","11","4","11","2","9","11","12","5","6","22","13","10","4","10"
"        Asian alone","5","6","3","9","10","7","4","14","26","7","18","43","30","15","26","57","95","67","68","43","31","37","61","102","48","32","49","17","27","8","79","121","121","105","45","85","33","6","52","29","19","36","4","17","2","14","4","3","6","4","38","17","26","23","14","4","12","95","28","1,118","180","351","90","47","95","23","106","3","43","244","7","1","1","4","28","81","215","87","123","118","107","153","118","891","307","403","978","582","254","241","357","105","573","887","771","708","387","694","108","799","230","653","419","307","758","840","184","115","50","263","56","28","16","805","431","125","200","1,085","325","482","507","251","88","172","39","102","132","225","290","221","287","531","771","770","495","419","758","228","498","1,093","209","430","477","307","842","283","413","429","686","223","315","23","202","597","135","40","230","50","61","43","71","84","37","60","83","62","71","36","32","107","83","29","130","91","192","141","107","681","171","89","98","437","69","26","119","61","103","112","41","59","166","111","50","84","76","226","94","195","326","226","77","119","63","142","126","129","62","34","165","174","157","161","93","134","88","100","277","94","137","173","104","111","98","290","79","294","522","417","688","907","315","1,394","17","62","70","236"
"        Native Hawaiian and Other Pacific Islander alone","3","0","2","3","0","0","0","1","0","0","1","1","6","1","3","2","0","0","3","5","0","0","3","3","1","0","0","0","2","0","0","5","3","0","5","1","0","6","7","0","0","1","4","0","0","0","0","1","2","2","1","0","4","0","2","0","0","1","0","2","0","5","2","2","3","2","0","0","0","0","1","0","0","0","0","0","1","0","1","4","1","2","0","4","3","0","5","1","0","2","2","2","3","0","3","5","4","0","2","4","0","0","1","0","0","0","2","0","0","0","4","2","0","2","6","2","0","2","0","0","1","0","1","0","4","2","0","0","0","0","6","2","0","0","1","2","3","0","0","0","5","0","7","7","4","1","0","0","0","0","0","0","0","0","0","0","3","0","2","0","5","2","0","0","1","0","0","0","1","1","0","1","0","0","2","2","3","3","0","4","0","1","1","0","2","3","1","3","0","1","0","0","0","1","0","4","0","0","0","0","1","2","1","0","3","0","2","0","0","0","0","0","1","0","0","1","2","1","0","0","0","6","0","0","0","0","2","0","6","1","0","0","0","1","0","0"
"        Some Other Race alone","9","57","15","24","40","23","36","36","87","41","41","41","78","83","36","19","96","91","96","71","108","59","44","59","60","22","93","38","79","26","131","104","206","83","56","202","44","75","170","26","65","15","39","26","1","12","36","8","33","16","39","9","48","63","76","40","14","127","58","186","104","245","149","324","429","197","333","151","20","65","44","17","22","46","217","453","226","315","367","796","243","115","352","93","32","50","74","87","69","33","32","59","84","174","86","124","45","80","17","26","21","41","30","31","32","177","194","61","17","45","98","49","26","54","36","51","65","96","17","48","33","15","48","24","23","53","23","33","43","19","62","63","52","85","72","31","43","19","39","39","13","44","103","79","50","60","47","34","59","23","99","3","36","152","34","80","39","17","39","27","46","17","38","35","38","49","50","19","14","28","38","13","56","21","58","49","23","78","51","44","54","48","127","30","68","39","31","27","12","28","91","18","9","17","7","106","20","61","49","54","39","26","18","63","44","28","59","4","17","36","19","33","30","37","32","12","41","17","12","33","18","55","66","49","25","31","71","12","40","47","18","191","120","50","13","38"
"    Population of two or more races:","62","164","193","120","85","101","78","151","220","141","111","168","146","182","223","116","297","245","361","212","307","135","213","151","248","200","358","190","329","212","498","397","519","302","277","335","128","119","320","214","127","85","155","75","93","60","138","86","100","66","169","73","183","210","119","76","40","250","44","448","325","344","300","299","484","192","414","195","54","195","141","28","40","120","243","405","239","329","388","586","419","240","290","154","270","213","338","349","188","185","210","278","341","318","135","377","334","275","91","256","126","275","153","331","400","331","312","223","71","135","154","145","75","254","179","244","233","519","167","227","265","136","234","216","191","342","148","199","298","276","414","285","774","402","325","373","276","150","350","236","126","290","451","469","320","441","304","240","344","260","396","92","112","346","216","138","190","190","239","215","289","257","175","291","289","225","228","141","155","297","322","96","186","157","437","256","250","334","262","214","234","254","626","156","323","232","204","237","238","194","283","294","166","209","235","425","173","282","371","344","204","207","166","311","295","248","274","102","159","351","220","280","224","224","234","176","415","208","258","360","149","403","435","287","247","211","496","317","408","317","99","317","164","216","136","294"
"        Population of two races:","60","148","168","100","81","97","75","134","201","127","100","139","117","164","193","105","276","219","334","191","288","121","197","120","216","181","332","179","301","183","465","354","493","288","253","308","119","111","294","189","116","75","149","69","77","53","123","77","82","65","154","61","168","200","105","69","31","228","38","418","299","329","289","282","454","176","390","177","45","165","118","24","30","88","235","380","222","305","373","552","384","218","256","147","250","200","320","328","173","172","201","266","312","296","122","348","309","259","88","242","115","265","139","315","383","304","268","213","59","128","144","131","70","226","166","224","217","499","156","215","258","128","222","190","178","330","140","183","269","269","404","273","760","389","317","346","264","142","338","221","120","277","425","449","300","421","287","223","341","251","387","85","104","336","210","135","176","181","228","207","277","249","159","284","266","218","217","134","147","289","307","89","176","155","411","234","240","316","248","201","230","243","585","141","305","221","197","226","228","189","273","289","155","206","231","404","160","262","350","335","189","199","158","302","281","240","266","96","158","345","208","273","209","211","216","169","405","199","248","338","142","385","403","277","239","196","482","307","387","308","88","295","144","196","134","291"
"            White; Black or African American","10","66","93","35","36","31","29","58","74","62","46","58","55","68","89","50","92","79","137","61","141","52","52","37","52","61","122","60","83","48","154","113","167","98","87","88","30","64","118","83","53","37","75","34","44","30","63","41","38","29","73","21","69","76","45","24","7","58","12","121","68","81","95","117","103","47","126","60","8","55","53","13","11","40","98","90","59","94","96","159","101","66","60","40","59","42","63","77","25","29","21","60","65","68","38","55","37","41","19","23","16","23","11","28","64","109","72","39","13","20","45","75","27","34","39","20","16","87","15","21","14","20","45","42","56","81","35","41","31","16","29","27","21","40","44","41","24","15","24","37","3","24","52","78","32","59","33","46","28","11","68","10","6","65","41","29","23","18","33","33","43","27","38","22","77","49","14","11","18","31","50","10","31","38","84","36","55","52","25","31","29","42","112","40","47","40","36","23","21","42","53","46","24","15","26","60","27","57","45","58","31","26","12","60","45","21","93","8","4","29","28","49","23","36","64","16","41","12","38","45","18","32","32","32","22","10","53","29","22","4","16","24","57","26","6","21"
"            White; American Indian and Alaska Native","10","22","17","20","17","8","10","9","20","8","1","30","16","14","15","7","55","37","58","23","34","30","25","11","53","37","82","41","55","47","88","78","134","33","64","72","27","6","49","25","6","12","9","2","6","1","10","8","2","2","7","7","11","33","15","12","7","50","10","98","71","49","44","62","79","24","62","10","9","21","17","0","2","10","22","66","40","71","75","112","102","49","36","17","42","31","32","51","30","26","36","67","65","41","12","40","38","37","8","43","8","40","18","43","18","28","28","24","8","17","14","10","4","24","16","29","31","45","17","18","12","18","33","32","41","65","26","29","43","28","63","43","75","91","71","80","37","31","66","53","23","61","95","126","45","114","65","44","84","35","85","15","15","38","57","48","59","38","58","25","62","37","30","54","56","40","50","29","32","65","51","25","35","26","99","90","57","81","86","59","78","51","178","44","81","74","46","61","49","53","64","66","48","57","82","98","41","72","67","99","46","45","46","75","68","67","71","13","23","78","42","83","85","58","55","54","128","57","72","85","47","149","155","60","52","50","99","63","59","55","8","38","16","37","28","62"
"            White; Asian","10","3","6","5","1","1","3","9","4","3","2","7","1","4","8","6","14","21","17","13","15","7","26","21","14","9","15","16","19","19","42","62","45","41","13","24","13","7","5","10","5","1","5","0","1","0","0","0","3","8","8","2","13","13","5","2","8","17","0","44","38","27","10","13","18","9","16","2","2","11","4","0","0","3","12","23","17","24","21","21","15","26","24","41","27","27","70","43","37","31","41","26","43","53","14","88","77","67","30","61","25","70","32","106","122","46","28","47","10","15","30","11","11","69","46","57","43","204","48","72","90","25","39","29","19","36","25","30","60","83","128","54","83","100","63","74","63","35","78","46","28","62","114","81","87","95","49","40","87","87","68","20","25","57","52","7","27","39","46","38","56","56","15","57","40","31","41","34","27","46","66","7","27","24","40","25","47","59","52","16","28","53","45","9","29","32","29","32","23","30","41","28","19","31","33","55","25","26","66","46","29","25","19","38","56","43","20","6","34","65","23","20","27","41","22","21","65","34","42","74","12","64","44","62","33","35","85","51","85","74","11","44","9","28","12","71"
"            White; Native Hawaiian and Other Pacific Islander","0","0","2","2","0","4","2","0","0","0","0","0","1","2","2","0","0","0","0","0","0","0","0","0","0","0","1","1","1","0","5","0","2","2","0","2","3","0","0","0","0","0","0","0","0","0","2","0","0","0","5","0","0","1","0","0","0","1","0","0","0","2","0","0","3","3","0","0","0","4","0","0","0","0","1","0","0","5","0","0","7","0","0","1","2","3","0","1","0","0","0","1","2","2","0","1","0","0","0","0","0","0","2","2","0","2","0","1","1","0","0","2","2","0","1","3","3","2","0","1","4","0","2","0","0","0","0","0","0","0","5","8","0","1","2","4","1","0","3","2","0","2","1","0","0","2","0","0","2","1","3","4","0","1","0","0","1","1","0","0","2","1","0","0","0","2","0","0","0","3","1","0","2","0","0","0","0","0","3","0","0","8","5","0","0","0","0","1","0","0","0","0","2","0","2","10","0","1","1","3","1","0","0","3","0","6","0","1","2","2","0","6","3","0","0","0","0","0","0","3","0","3","7","0","0","0","0","2","0","0","0","0","3","0","4","0"
"            White; Some Other Race","13","22","10","11","2","19","10","14","37","19","8","11","8","17","13","8","51","43","60","46","43","24","53","27","60","54","84","23","87","60","107","77","121","80","52","84","27","12","40","38","7","10","17","0","5","5","9","1","3","0","10","12","18","39","12","8","8","92","5","142","99","116","128","61","179","81","126","51","17","39","1","2","1","12","67","170","80","96","165","190","116","56","91","43","97","74","115","130","74","80","95","101","111","121","51","145","147","95","25","109","59","124","68","127","168","62","54","86","19","55","29","10","10","81","56","101","117","123","74","84","127","59","87","70","56","129","43","77","129","126","174","133","498","140","121","135","129","52","160","70","58","119","153","151","118","135","128","88","137","110","156","30","53","132","50","44","60","70","83","98","112","112","67","142","63","86","106","59","61","137","126","46","73","65","172","76","75","115","69","83","86","85","219","42","135","70","83","106","126","56","103","147","59","100","87","172","61","84","163","104","75","98","77","117","106","100","64","61","93","168","110","111","61","73","65","71","169","92","92","123","60","131","156","113","115","98","235","156","214","167","44","176","33","93","77","131"
"            Black or African American; American Indian and Alaska Native","5","22","24","16","16","20","9","24","40","24","22","11","14","30","40","7","20","9","27","20","12","3","24","9","11","10","14","21","19","1","30","14","15","12","18","9","11","10","51","16","31","12","29","23","10","10","19","21","16","18","21","7","44","23","19","13","0","2","5","2","5","8","3","9","16","7","29","33","7","19","22","5","11","7","19","10","9","9","4","28","12","3","17","0","8","7","20","3","2","4","0","0","4","4","0","3","0","6","3","0","0","8","6","1","1","29","45","8","4","11","16","18","8","6","0","1","4","2","1","1","1","1","4","3","0","5","3","0","1","2","1","1","1","5","0","2","1","2","3","0","2","0","6","4","1","5","1","4","0","1","0","3","0","8","3","1","0","5","2","2","0","0","5","0","14","1","1","0","2","1","1","0","3","0","0","2","1","4","1","2","0","0","4","3","3","0","0","1","0","1","5","1","0","0","0","6","0","5","1","5","4","0","0","0","0","3","6","1","0","1","2","0","1","0","4","0","0","0","3","2","0","0","3","2","2","0","2","1","4","2","2","1","12","7","2","3"
"            Black or African American; Asian","1","2","8","2","6","0","3","7","2","0","5","3","2","14","2","3","23","2","13","3","14","0","10","4","12","3","4","2","8","1","18","3","2","0","2","1","5","4","2","4","3","0","8","5","6","7","1","0","9","1","3","3","0","5","2","2","0","0","4","0","5","5","1","0","6","1","6","0","0","2","5","0","1","5","6","2","7","0","4","8","5","6","8","3","1","6","5","7","0","0","6","2","7","2","1","9","6","3","2","2","3","0","0","0","2","7","13","2","0","0","3","5","4","5","0","3","0","11","0","10","4","2","3","2","0","7","1","2","2","4","0","0","0","0","6","0","0","1","0","0","1","2","1","0","7","3","6","0","0","2","0","0","2","10","0","0","1","2","1","2","0","2","0","4","6","2","0","0","3","1","2","1","0","0","3","0","2","3","4","0","4","0","3","0","2","0","0","1","3","1","1","1","2","0","0","1","2","0","0","3","1","3","0","1","0","0","0","0","1","1","0","0","3","0","2","2","0","1","1","1","0","3","0","0","1","1","0","2","2","0","0","0","3","0","1","0"
"            Black or African American; Native Hawaiian and Other Pacific Islander","1","0","0","0","0","5","0","0","0","0","0","1","0","1","1","0","0","0","0","0","0","0","0","0","2","0","0","0","0","0","0","1","0","0","2","0","0","0","0","3","0","0","0","2","0","0","2","0","0","1","0","1","1","0","0","2","0","1","0","0","0","1","0","1","1","0","1","0","1","3","0","0","0","0","0","0","0","0","0","0","1","0","0","0","0","0","1","3","0","0","0","1","0","3","0","0","0","0","1","0","0","0","0","0","0","0","0","0","0","0","2","0","0","0","0","0","0","0","1","0","0","0","0","0","4","0","0","0","1","4","0","0","0","0","0","0","2","0","0","0","0","1","0","0","0","0","0","0","0","0","0","0","0","0","0","0","0","0","0","0","0","5","0","1","0","0","0","0","0","0","1","0","1","0","0","0","0","0","1","0","0","0","0","0","0","0","0","0","0","0","0","0","0","0","0","0","0","0","1","0","0","0","0","0","0","0","0","0","0","0","1","0","0","0","0","0","0","0","0","0","0","0","0","0","0","0","0","0","0","0","0","0","5","1","0","0"
"            Black or African American; Some Other Race","8","7","7","9","3","9","9","13","21","6","16","13","19","13","22","23","14","23","20","25","24","5","7","6","7","7","9","11","19","4","19","3","4","17","12","24","3","7","16","9","10","3","6","1","5","0","16","3","10","4","23","8","7","7","5","5","1","2","0","5","2","20","8","11","23","3","12","18","1","10","13","2","0","4","9","10","7","5","4","22","19","5","9","2","10","9","10","9","4","1","1","8","14","0","3","6","1","7","0","2","2","0","1","1","1","10","23","3","4","7","5","0","2","1","8","7","1","9","0","3","2","3","4","8","0","6","7","3","0","4","2","7","62","11","2","8","4","3","2","4","1","4","0","5","3","1","2","1","0","1","2","3","2","17","6","4","3","3","4","4","1","0","0","3","8","6","4","0","3","4","4","0","1","2","3","3","1","2","1","7","4","0","11","1","6","0","2","0","4","5","2","0","0","2","0","1","4","12","3","10","2","2","3","4","2","0","11","0","0","0","1","3","4","3","3","5","1","2","0","1","2","3","1","4","6","0","2","3","0","6","1","4","5","4","2","1"
"            American Indian and Alaska Native; Asian","2","0","0","0","0","0","0","0","0","0","0","0","0","0","0","0","0","0","0","0","1","0","0","0","1","0","0","0","1","1","0","0","0","2","1","0","0","0","0","0","1","0","0","2","0","0","0","3","0","0","0","0","1","0","0","0","0","2","0","3","4","0","0","0","1","0","0","0","0","0","0","0","0","0","0","0","1","0","0","0","1","0","0","0","0","1","1","0","0","0","1","0","0","0","0","0","0","0","0","0","0","0","0","0","0","3","0","0","0","0","0","0","0","0","0","0","1","0","0","0","0","0","1","0","1","0","0","0","1","0","0","0","0","0","0","0","0","1","2","2","2","0","2","0","3","0","0","0","0","0","0","0","0","0","0","0","0","1","0","0","1","0","0","1","0","0","0","0","0","0","0","0","0","0","5","1","0","0","0","1","0","0","0","0","1","3","0","0","0","0","0","0","0","0","0","0","0","0","0","0","0","0","0","0","0","0","0","0","0","1","0","0","0","0","0","0","0","0","0","4","2","0","0","0","0","0","1","0","0","0","5","0","0","0","0","0"
"            American Indian and Alaska Native; Native Hawaiian and Other Pacific Islander","0","0","0","0","0","0","0","0","0","0","0","0","0","0","0","0","1","0","0","0","0","0","0","0","0","0","0","0","0","0","0","0","0","0","0","0","0","0","0","0","0","0","0","0","0","0","0","0","0","0","0","0","0","0","0","0","0","0","0","0","0","0","0","0","0","0","0","0","0","0","0","0","0","0","0","0","0","1","0","0","0","0","0","0","0","0","0","0","0","0","0","0","0","0","0","0","0","0","0","0","0","0","0","0","0","0","0","0","0","0","0","0","0","0","0","0","0","0","0","0","0","0","0","0","0","0","0","0","0","0","0","0","0","0","0","0","0","0","0","0","0","0","0","0","0","0","0","0","1","0","0","0","1","0","0","0","1","0","0","0","0","0","0","0","0","0","1","0","0","0","0","0","0","0","0","0","0","0","0","0","0","1","0","0","0","0","0","0","0","0","0","0","0","0","0","0","0","0","0","4","0","0","0","0","0","0","0","0","0","0","0","0","0","0","0","0","0","0","0","0","0","0","1","0","0","0","0","0","0","0","0","0","0","0","0","0"
"            American Indian and Alaska Native; Some Other Race","0","1","0","0","0","0","0","0","1","5","0","1","0","0","1","0","2","2","0","0","2","0","0","2","2","0","1","2","9","0","0","2","3","2","0","2","0","0","10","0","0","0","0","0","0","0","0","0","1","0","0","0","1","0","0","0","0","1","1","2","4","20","0","7","22","0","10","0","0","0","3","0","0","4","1","6","1","0","4","7","5","6","5","0","1","0","2","0","0","0","0","0","0","1","1","0","1","2","0","1","2","0","1","0","3","4","4","0","0","0","0","0","1","4","0","2","1","0","0","1","1","0","1","2","0","0","0","0","0","0","0","0","2","0","6","0","0","0","0","0","0","1","0","4","2","0","0","0","0","0","4","0","0","5","0","1","0","0","0","0","0","8","1","0","0","0","0","0","1","0","3","0","3","0","0","0","1","0","6","2","1","0","1","0","0","0","0","0","1","0","0","0","0","1","0","0","0","5","0","3","0","0","1","0","4","0","0","0","1","0","0","0","1","0","0","0","1","1","0","0","0","0","0","0","4","2","1","0","0","0","1","5","0","0","0","2"
"            Asian; Native Hawaiian and Other Pacific Islander","0","3","0","0","0","0","0","0","0","0","0","2","0","0","0","0","0","2","2","0","1","0","0","0","2","0","0","0","0","2","0","1","0","1","1","1","0","0","1","1","0","0","0","0","0","0","0","0","0","0","0","0","1","0","1","1","0","0","0","0","2","0","0","1","0","1","0","0","0","0","0","1","0","3","0","2","0","0","0","0","0","1","5","0","3","0","1","4","1","0","0","0","1","0","0","0","1","0","0","0","0","0","0","0","2","1","0","1","0","1","0","0","1","2","0","1","0","6","0","4","2","0","0","0","1","1","0","0","0","2","0","0","7","0","0","0","0","1","0","3","2","0","0","0","0","0","3","0","1","2","0","0","0","1","0","0","1","0","0","0","0","0","0","0","0","0","0","0","0","0","0","0","0","0","2","0","0","0","0","0","0","0","0","0","1","0","0","1","0","1","4","0","1","0","0","0","0","0","1","0","0","0","0","3","0","0","1","3","0","0","1","0","1","0","1","0","0","0","0","0","0","0","4","2","2","0","0","0","1","0","0","0","0","0","2","0"
"            Asian; Some Other Race","0","0","1","0","0","0","0","0","0","0","0","1","1","1","0","1","4","1","0","0","1","0","0","3","0","0","0","2","0","0","2","0","0","0","1","1","0","1","2","0","0","0","0","0","0","0","1","0","0","2","4","0","2","3","1","0","0","2","1","0","1","0","0","0","3","0","2","3","0","1","0","0","3","0","0","0","0","0","0","4","0","0","1","0","0","0","0","0","0","1","0","0","0","1","2","1","1","1","0","0","0","0","0","7","2","3","1","2","0","2","0","0","0","0","0","0","0","10","0","0","1","0","3","2","0","0","0","1","1","0","2","0","11","1","2","2","3","1","0","4","0","1","1","0","2","7","0","0","1","1","1","0","0","2","1","1","0","4","1","5","0","1","3","0","2","0","0","1","0","1","2","0","0","0","2","0","1","0","0","0","0","3","7","1","0","2","1","0","1","0","0","0","0","0","0","1","0","0","2","0","0","0","0","1","0","0","0","3","0","0","0","1","0","0","0","0","0","0","0","0","1","0","0","1","1","0","4","0","0","0","0","3","1","0","0","0"
"            Native Hawaiian and Other Pacific Islander; Some Other Race","0","0","0","0","0","0","0","0","2","0","0","1","0","0","0","0","0","0","0","0","0","0","0","0","0","0","0","0","0","0","0","0","0","0","0","0","0","0","0","0","0","0","0","0","0","0","0","0","0","0","0","0","0","0","0","0","0","0","0","1","0","0","0","0","0","0","0","0","0","0","0","1","1","0","0","1","1","0","0","1","0","0","0","0","0","0","0","0","0","0","0","0","0","0","0","0","0","0","0","1","0","0","0","0","0","0","0","0","0","0","0","0","0","0","0","0","0","0","0","0","0","0","0","0","0","0","0","0","0","0","0","0","0","0","0","0","0","0","0","0","0","0","0","0","0","0","0","0","0","0","0","0","0","0","0","0","0","0","0","0","0","0","0","0","0","1","0","0","0","0","0","0","0","0","1","1","0","0","0","0","0","0","0","1","0","0","0","0","0","0","0","0","0","0","1","0","0","0","0","0","0","0","0","0","0","0","0","0","0","0","0","0","0","0","0","0","0","0","0","0","0","0","0","1","1","0","0","0","0","0","0","0","0","0","0","0"
"        Population of three races:","2","15","24","19","4","3","3","14","15","13","9","27","24","18","28","10","20","25","23","20","18","14","16","31","31","17","25","10","28","25","33","41","25","13","21","27","9","7","23","24","10","8","6","6","14","6","15","3","18","1","13","11","14","10","12","7","9","20","6","29","26","14","10","16","29","15","20","13","9","30","21","4","9","32","7","18","16","21","13","33","30","19","33","7","18","13","16","20","14","13","8","12","23","21","12","28","25","14","3","12","11","10","13","15","14","24","38","10","12","6","10","13","5","26","11","18","16","19","8","12","7","8","9","24","13","11","8","12","28","5","10","11","13","13","7","23","12","8","12","9","6","13","25","20","20","19","15","16","3","7","8","7","7","9","6","2","14","9","11","6","8","8","16","4","23","7","8","4","7","8","13","5","9","2","21","20","10","18","13","10","3","11","39","13","18","10","7","9","10","2","10","5","9","2","4","18","13","20","16","7","13","7","8","9","12","8","5","3","1","6","12","7","14","12","17","7","7","8","9","17","7","18","31","9","8","14","13","7","20","8","11","22","16","17","1","1"
"            White; Black or African American; American Indian and Alaska Native","0","9","16","16","1","2","0","7","1","8","5","20","16","13","11","6","16","12","18","13","11","8","10","27","15","0","14","4","15","13","13","20","18","9","6","16","8","7","10","10","2","2","4","0","12","6","14","3","16","1","7","2","8","2","10","6","2","10","0","8","7","4","5","10","13","8","11","3","8","23","13","3","4","25","5","10","2","12","5","16","13","9","12","2","6","0","1","7","3","1","6","4","11","8","3","5","1","8","0","3","1","2","1","0","2","1","22","4","0","0","5","11","1","4","2","6","11","3","1","4","0","3","5","2","4","8","2","5","4","2","0","6","1","5","0","7","4","2","3","2","3","3","13","0","2","3","8","1","0","0","1","0","0","5","0","0","4","1","1","1","1","2","4","0","10","4","1","0","2","1","2","4","4","1","10","2","3","2","3","5","0","10","15","6","8","2","2","0","0","0","1","2","1","0","1","4","3","17","3","2","1","1","0","1","1","4","2","2","0","0","0","2","4","5","4","3","6","1","6","12","0","4","5","1","0","0","1","0","0","0","4","9","9","4","0","1"
"            White; Black or African American; Asian","1","0","0","0","1","0","1","0","0","1","2","0","0","1","1","1","2","5","0","5","0","0","0","2","3","3","5","2","2","4","6","2","5","2","0","1","0","0","6","3","6","4","0","0","2","0","1","0","0","0","0","6","3","4","0","0","2","3","0","5","1","4","1","0","0","0","0","9","0","2","0","0","1","0","1","1","2","3","0","0","4","1","3","4","6","1","5","6","1","1","0","2","5","0","1","9","3","0","1","5","0","1","0","0","0","2","2","0","0","0","3","0","0","6","1","1","0","1","0","2","1","1","0","3","0","0","1","0","2","0","3","0","0","6","0","4","2","3","0","0","0","0","0","4","5","4","0","2","0","2","0","0","2","0","3","0","1","0","0","0","0","3","0","0","5","0","2","1","2","0","0","0","0","0","0","0","0","1","1","0","2","0","5","4","0","4","0","3","0","0","0","0","0","0","3","3","0","0","2","0","1","1","3","0","1","1","0","1","0","3","3","0","1","0","0","0","0","0","0","0","0","0","13","0","4","2","1","1","0","2","1","5","1","2","0","0"
"            White; Black or African American; Native Hawaiian and Other Pacific Islander","0","0","0","0","0","0","0","1","1","0","0","0","0","0","1","0","0","0","0","0","0","0","1","0","1","0","4","0","0","0","2","0","0","1","2","0","0","0","0","0","0","0","0","0","0","0","0","0","0","0","0","0","0","0","0","0","0","0","0","0","0","0","0","0","0","0","0","0","0","0","0","0","0","0","0","0","0","0","0","0","0","0","0","0","0","0","1","0","0","0","0","1","0","0","0","0","0","0","0","0","0","0","0","0","0","0","1","0","0","0","0","0","0","0","0","0","0","1","0","0","0","0","0","0","1","0","0","0","0","0","0","0","0","0","0","0","0","0","0","0","0","0","1","0","2","1","0","0","0","0","0","0","1","0","0","0","0","0","0","0","0","0","0","0","0","0","0","0","0","0","0","0","0","0","0","0","0","0","0","0","0","0","0","0","0","0","0","0","0","0","0","0","0","0","0","0","0","0","0","0","0","0","0","0","0","0","0","0","0","0","0","0","0","0","0","0","0","0","0","0","0","0","0","0","0","0","0","0","0","0","0","0","0","0","0","0"
"            White; Black or African American; Some Other Race","0","0","6","0","0","0","0","1","10","1","1","5","0","1","4","2","0","4","4","0","0","0","2","1","1","3","2","1","5","1","1","3","2","1","5","1","0","0","4","4","1","2","2","1","0","0","0","0","0","0","1","3","2","0","1","0","0","1","4","7","1","2","0","0","7","1","0","1","0","4","2","0","0","0","0","1","2","4","0","0","7","1","4","0","3","4","3","0","0","0","0","2","2","7","6","4","6","2","2","0","5","0","1","2","4","7","12","1","3","3","0","0","4","2","0","7","3","0","2","3","1","0","0","8","2","2","1","1","6","0","3","3","0","0","2","4","3","0","0","0","0","5","1","4","1","1","0","4","0","2","0","3","2","0","1","1","4","0","1","0","4","1","3","1","3","0","1","0","1","1","5","0","0","0","1","9","1","0","0","0","0","0","3","3","1","1","2","1","1","1","5","0","1","0","0","4","2","0","0","0","1","0","0","1","2","0","1","0","0","2","4","0","0","0","2","0","0","4","0","0","0","1","0","4","0","0","1","4","1","3","0","2","2","8","1","0"
"            White; American Indian and Alaska Native; Asian","0","0","0","0","1","1","2","0","0","0","0","0","0","0","3","0","1","0","0","0","0","0","0","0","4","10","0","1","2","0","5","3","0","0","1","1","0","0","0","0","0","0","0","1","0","0","0","0","0","0","1","0","0","4","0","0","0","2","0","3","0","0","0","0","2","1","1","0","0","1","0","0","1","0","0","0","1","0","2","1","0","3","3","0","0","0","1","4","3","0","0","0","0","0","0","3","1","0","0","4","3","7","1","3","2","0","0","1","3","0","0","2","0","0","0","0","1","1","0","0","3","0","0","0","0","0","0","2","0","0","0","0","4","1","3","4","1","0","0","2","3","2","3","3","0","2","0","0","0","0","3","0","0","0","0","1","2","3","2","1","1","0","0","0","0","3","0","2","1","0","1","0","0","1","0","0","1","5","0","2","0","0","8","0","2","0","1","0","0","0","0","3","1","0","0","1","0","0","6","0","0","0","2","0","3","0","0","0","0","0","1","3","1","2","3","0","0","2","0","2","2","0","2","0","1","0","6","0","2","2","1","0","0","0","0","0"
"            White; American Indian and Alaska Native; Native Hawaiian and Other Pacific Islander","0","0","0","1","0","0","0","0","0","0","0","0","4","0","0","0","0","0","0","0","0","0","0","0","0","0","0","0","0","0","0","0","0","0","0","1","0","0","0","0","0","0","0","2","0","0","0","0","0","0","1","0","0","0","0","0","0","0","0","0","0","0","0","0","0","2","0","0","0","0","1","1","0","0","0","0","0","1","1","3","0","0","0","0","0","0","0","0","0","0","0","0","0","0","0","0","0","0","0","0","0","0","0","2","0","0","0","0","0","0","0","0","0","2","0","0","0","0","0","0","0","0","0","0","0","0","0","0","0","0","0","0","0","0","0","0","0","0","0","0","0","0","0","0","0","0","0","0","0","0","0","0","0","0","0","0","0","0","0","0","0","0","0","1","1","0","0","0","0","0","0","0","0","0","0","0","0","0","2","0","0","0","0","0","0","0","0","0","0","1","0","0","0","0","0","0","0","2","0","0","0","0","0","0","0","0","0","0","0","0","0","0","0","0","0","0","0","0","0","0","0","0","0","0","0","0","0","0","0","0","0","0","0","0","0","0"
"            White; American Indian and Alaska Native; Some Other Race","0","6","1","2","0","0","0","1","3","0","0","1","4","0","3","1","1","4","1","2","4","5","3","0","4","1","0","1","4","5","2","8","0","0","2","0","1","0","2","5","0","0","0","1","0","0","0","0","2","0","0","0","0","0","0","0","0","4","2","2","6","3","4","0","4","1","5","0","0","0","1","0","2","5","0","5","7","0","5","9","2","5","7","0","0","3","0","0","3","7","2","1","5","6","0","5","13","3","0","0","2","0","10","8","6","11","0","3","2","3","1","0","0","5","3","3","0","5","1","0","2","0","4","8","2","1","4","2","10","2","4","0","4","1","1","3","2","0","8","4","0","0","4","9","5","7","7","6","0","2","0","4","1","2","2","0","0","2","3","1","1","0","4","2","1","0","2","0","1","3","3","0","4","0","4","9","0","7","5","2","0","0","3","0","7","2","2","5","6","0","4","0","0","1","0","6","3","0","4","0","4","4","1","3","2","0","0","0","1","1","4","2","0","3","8","3","1","1","3","0","0","13","11","3","3","5","4","2","17","0","0","1","2","0","0","0"
"            White; Asian; Native Hawaiian and Other Pacific Islander","0","0","1","0","1","0","0","0","0","0","0","1","0","0","2","0","0","0","0","0","0","1","0","0","0","0","0","0","0","1","0","2","0","0","0","4","0","0","0","1","0","0","0","1","0","0","0","0","0","0","3","0","0","0","0","1","4","0","0","2","1","0","0","0","1","2","1","0","0","0","1","0","0","0","0","1","0","1","0","1","0","0","4","0","1","2","1","1","3","3","0","2","0","0","0","1","1","0","0","0","0","0","0","0","0","0","0","0","1","0","0","0","0","6","2","1","0","3","0","0","0","2","0","3","4","0","0","0","4","0","0","1","0","0","0","1","0","0","0","0","0","1","2","0","3","1","0","3","0","0","4","0","1","1","0","0","3","0","0","3","1","0","5","0","0","0","0","0","0","1","0","0","0","0","1","0","5","0","2","0","0","1","1","0","0","1","0","0","0","0","0","0","5","0","0","0","5","0","0","5","5","0","1","4","2","0","0","0","0","0","0","0","8","2","0","0","0","0","0","0","1","0","0","1","0","4","0","0","0","1","2","2","0","2","0","0"
"            White; Asian; Some Other Race","0","0","0","0","0","0","0","3","0","0","1","0","0","3","2","0","0","0","0","0","0","0","0","1","0","0","0","0","0","1","0","0","0","0","5","0","0","0","1","1","0","0","0","0","0","0","0","0","0","0","0","0","0","0","0","0","0","0","0","0","6","1","0","0","1","0","0","0","0","0","3","0","1","0","1","0","0","0","0","2","3","0","0","0","2","0","0","0","0","1","0","0","0","0","2","1","0","0","0","0","0","0","0","0","0","2","0","0","2","0","1","0","0","0","3","0","0","4","4","0","0","2","0","0","0","0","0","1","0","1","0","1","3","0","0","0","0","1","1","1","0","2","0","0","2","0","0","0","3","0","0","0","0","1","0","0","0","2","3","0","0","2","0","0","2","0","2","0","0","2","2","0","1","0","5","0","0","3","0","0","1","0","0","0","0","0","0","0","3","0","0","0","0","0","0","0","0","0","0","0","0","0","1","0","0","3","0","0","0","0","0","0","0","0","0","1","0","0","0","3","4","0","0","0","0","3","0","0","0","0","3","3","1","0","0","0"
"            White; Native Hawaiian and Other Pacific Islander; Some Other Race","0","0","0","0","0","0","0","0","0","0","0","0","0","0","0","0","0","0","0","0","0","0","0","0","0","0","0","0","0","0","2","0","0","0","0","0","0","0","0","0","0","0","0","0","0","0","0","0","0","0","0","0","0","0","1","0","0","0","0","0","0","0","0","0","0","0","0","0","0","0","0","0","0","0","0","0","0","0","0","0","0","0","0","0","0","1","0","0","1","0","0","0","0","0","0","0","0","0","0","0","0","0","0","0","0","0","0","0","1","0","0","0","0","0","0","0","0","0","0","0","0","0","0","0","0","0","0","1","0","0","0","0","0","0","0","0","0","0","0","0","0","0","0","0","0","0","0","0","0","0","0","0","0","0","0","0","0","0","0","0","0","0","0","0","0","0","0","0","0","0","0","0","0","0","0","0","0","0","0","0","0","0","0","0","0","0","0","0","0","0","0","0","0","1","0","0","0","1","0","0","0","0","0","0","1","0","0","0","0","0","0","0","0","0","0","0","0","0","0","0","0","0","0","0","0","0","0","0","0","0","0","0","0","0","0","0"
"            Black or African American; American Indian and Alaska Native; Asian","0","0","0","0","0","0","0","0","0","3","0","0","0","0","0","0","0","0","0","0","3","0","0","0","3","0","0","0","0","0","2","0","0","0","0","1","0","0","0","0","0","0","0","0","0","0","0","0","0","0","0","0","0","0","0","0","1","0","0","0","0","0","0","4","1","0","2","0","1","0","0","0","0","0","0","0","1","0","0","0","0","0","0","1","0","2","4","2","0","0","0","0","0","0","0","0","0","0","0","0","0","0","0","0","0","0","0","0","0","0","0","0","0","1","0","0","0","0","0","0","0","0","0","0","0","0","0","0","2","0","0","0","0","0","0","0","0","2","0","0","0","0","0","0","0","0","0","0","0","0","0","0","0","0","0","0","0","0","0","0","0","0","0","0","0","0","0","0","0","0","0","1","0","0","0","0","0","0","0","0","0","0","4","0","0","0","0","0","0","0","0","0","0","0","0","0","0","0","0","0","0","0","0","0","0","0","0","0","0","0","0","0","0","0","0","0","0","0","0","0","0","0","0","0","0","0","0","0","0","0","0","0","0","0","0","0"
"            Black or African American; American Indian and Alaska Native; Native Hawaiian and Other Pacific Islander","0","0","0","0","0","0","0","0","0","0","0","0","0","0","0","0","0","0","0","0","0","0","0","0","0","0","0","0","0","0","0","0","0","0","0","0","0","0","0","0","0","0","0","0","0","0","0","0","0","0","0","0","0","0","0","0","0","0","0","0","2","0","0","0","0","0","0","0","0","0","0","0","0","0","0","0","0","0","0","0","0","0","0","0","0","0","0","0","0","0","0","0","0","0","0","0","0","1","0","0","0","0","0","0","0","0","0","0","0","0","0","0","0","0","0","0","0","0","0","0","0","0","0","0","0","0","0","0","0","0","0","0","0","0","0","0","0","0","0","0","0","0","0","0","0","0","0","0","0","0","0","0","0","0","0","0","0","0","0","0","0","0","0","0","0","0","0","0","0","0","0","0","0","0","0","0","0","0","0","0","0","0","0","0","0","0","0","0","0","0","0","0","0","0","0","0","0","0","0","0","0","0","0","0","0","0","0","0","0","0","0","0","0","0","0","0","0","0","0","0","0","0","0","0","0","0","0","0","0","0","0","0","0","0","0","0"
"            Black or African American; American Indian and Alaska Native; Some Other Race","1","0","0","0","0","0","0","1","0","0","0","0","0","0","0","0","0","0","0","0","0","0","0","0","0","0","0","0","0","0","0","1","0","0","0","2","0","0","0","0","1","0","0","0","0","0","0","0","0","0","0","0","1","0","0","0","0","0","0","0","2","0","0","1","0","0","0","0","0","0","0","0","0","2","0","0","0","0","0","1","0","0","0","0","0","0","0","0","0","0","0","0","0","0","0","0","0","0","0","0","0","0","0","0","0","0","1","0","0","0","0","0","0","0","0","0","1","0","0","3","0","0","0","0","0","0","0","0","0","0","0","0","0","0","1","0","0","0","0","0","0","0","0","0","0","0","0","0","0","0","0","0","0","0","0","0","0","0","0","0","0","0","0","0","1","0","0","1","0","0","0","0","0","0","0","0","0","0","0","1","0","0","0","0","0","0","0","0","0","0","0","0","1","0","0","0","0","0","1","0","1","0","0","0","0","0","0","0","0","0","0","0","0","0","0","0","0","0","0","0","0","0","0","0","0","0","0","0","0","0","0","0","1","1","0","0"
"            Black or African American; Asian; Native Hawaiian and Other Pacific Islander","0","0","0","0","0","0","0","0","0","0","0","0","0","0","1","0","0","0","0","0","0","0","0","0","0","0","0","0","0","0","0","2","0","0","0","0","0","0","0","0","0","0","0","0","0","0","0","0","0","0","0","0","0","0","0","0","0","0","0","2","0","0","0","1","0","0","0","0","0","0","0","0","0","0","0","0","1","0","0","0","0","0","0","0","0","0","0","0","0","0","0","0","0","0","0","0","0","0","0","0","0","0","0","0","0","0","0","1","0","0","0","0","0","0","0","0","0","0","0","0","0","0","0","0","0","0","0","0","0","0","0","0","0","0","0","0","0","0","0","0","0","0","0","0","0","0","0","0","0","0","0","0","0","0","0","0","0","1","0","0","0","0","0","0","0","0","0","0","0","0","0","0","0","0","0","0","0","0","0","0","0","0","0","0","0","0","0","0","0","0","0","0","0","0","0","0","0","0","0","0","0","0","0","0","0","0","2","0","0","0","0","0","0","0","0","0","0","0","0","0","0","0","0","0","0","0","0","0","0","0","0","0","0","0","0","0"
"            Black or African American; Asian; Some Other Race","0","0","0","0","0","0","0","0","0","0","0","0","0","0","0","0","0","0","0","0","0","0","0","0","0","0","0","1","0","0","0","0","0","0","0","0","0","0","0","0","0","0","0","0","0","0","0","0","0","0","0","0","0","0","0","0","0","0","0","0","0","0","0","0","0","0","0","0","0","0","0","0","0","0","0","0","0","0","0","0","0","0","0","0","0","0","0","0","0","0","0","0","0","0","0","0","0","0","0","0","0","0","0","0","0","1","0","0","0","0","0","0","0","0","0","0","0","1","0","0","0","0","0","0","0","0","0","0","0","0","0","0","1","0","0","0","0","0","0","0","0","0","0","0","0","0","0","0","0","1","0","0","0","0","0","0","0","0","1","0","0","0","0","0","0","0","0","0","0","0","0","0","0","0","0","0","0","0","0","0","0","0","0","0","0","0","0","0","0","0","0","0","0","0","0","0","0","0","0","0","0","1","0","0","0","0","0","0","0","0","0","0","0","0","0","0","0","0","0","0","0","0","0","0","0","0","0","0","0","0","0","0","0","0","0","0"
"            Black or African American; Native Hawaiian and Other Pacific Islander; Some Other Race","0","0","0","0","0","0","0","0","0","0","0","0","0","0","0","0","0","0","0","0","0","0","0","0","0","0","0","0","0","0","0","0","0","0","0","0","0","0","0","0","0","0","0","0","0","0","0","0","0","0","0","0","0","0","0","0","0","0","0","0","0","0","0","0","0","0","0","0","0","0","0","0","0","0","0","0","0","0","0","0","0","0","0","0","0","0","0","0","0","0","0","0","0","0","0","0","0","0","0","0","0","0","0","0","0","0","0","0","0","0","0","0","0","0","0","0","0","0","0","0","0","0","0","0","0","0","0","0","0","0","0","0","0","0","0","0","0","0","0","0","0","0","0","0","0","0","0","0","0","0","0","0","0","0","0","0","0","0","0","0","0","0","0","0","0","0","0","0","0","0","0","0","0","0","0","0","0","0","0","0","0","0","0","0","0","0","0","0","0","0","0","0","0","0","0","0","0","0","0","0","0","0","0","0","0","0","0","0","0","0","0","0","0","0","0","0","0","0","0","0","0","0","0","0","0","0","0","0","0","0","0","0","0","0","0","0"
"            American Indian and Alaska Native; Asian; Native Hawaiian and Other Pacific Islander","0","0","0","0","0","0","0","0","0","0","0","0","0","0","0","0","0","0","0","0","0","0","0","0","0","0","0","0","0","0","0","0","0","0","0","0","0","0","0","0","0","0","0","0","0","0","0","0","0","0","0","0","0","0","0","0","0","0","0","0","0","0","0","0","0","0","0","0","0","0","0","0","0","0","0","0","0","0","0","0","0","0","0","0","0","0","0","0","0","0","0","0","0","0","0","0","0","0","0","0","0","0","0","0","0","0","0","0","0","0","0","0","0","0","0","0","0","0","0","0","0","0","0","0","0","0","0","0","0","0","0","0","0","0","0","0","0","0","0","0","0","0","1","0","0","0","0","0","0","0","0","0","0","0","0","0","0","0","0","0","0","0","0","0","0","0","0","0","0","0","0","0","0","0","0","0","0","0","0","0","0","0","0","0","0","0","0","0","0","0","0","0","0","0","0","0","0","0","0","0","0","0","0","0","0","0","0","0","0","0","0","0","0","0","0","0","0","0","0","0","0","0","0","0","0","0","0","0","0","0","0","0","0","0","0","0"
"            American Indian and Alaska Native; Asian; Some Other Race","0","0","0","0","0","0","0","0","0","0","0","0","0","0","0","0","0","0","0","0","0","0","0","0","0","0","0","0","0","0","0","0","0","0","0","0","0","0","0","0","0","0","0","0","0","0","0","0","0","0","0","0","0","0","0","0","0","0","0","0","0","0","0","0","0","0","0","0","0","0","0","0","0","0","0","0","0","0","0","0","1","0","0","0","0","0","0","0","0","0","0","0","0","0","0","0","0","0","0","0","0","0","0","0","0","0","0","0","0","0","0","0","0","0","0","0","0","0","0","0","0","0","0","0","0","0","0","0","0","0","0","0","0","0","0","0","0","0","0","0","0","0","0","0","0","0","0","0","0","0","0","0","0","0","0","0","0","0","0","0","0","0","0","0","0","0","0","0","0","0","0","0","0","0","0","0","0","0","0","0","0","0","0","0","0","0","0","0","0","0","0","0","0","0","0","0","0","0","0","0","0","0","0","0","0","0","0","0","0","0","0","0","0","0","0","0","0","0","0","0","0","0","0","0","0","0","0","0","0","0","0","0","0","0","0","0"
"            American Indian and Alaska Native; Native Hawaiian and Other Pacific Islander; Some Other Race","0","0","0","0","0","0","0","0","0","0","0","0","0","0","0","0","0","0","0","0","0","0","0","0","0","0","0","0","0","0","0","0","0","0","0","0","0","0","0","0","0","0","0","0","0","0","0","0","0","0","0","0","0","0","0","0","0","0","0","0","0","0","0","0","0","0","0","0","0","0","0","0","0","0","0","0","0","0","0","0","0","0","0","0","0","0","0","0","0","0","0","0","0","0","0","0","0","0","0","0","0","0","0","0","0","0","0","0","0","0","0","0","0","0","0","0","0","0","0","0","0","0","0","0","0","0","0","0","0","0","0","0","0","0","0","0","0","0","0","0","0","0","0","0","0","0","0","0","0","0","0","0","0","0","0","0","0","0","0","0","0","0","0","0","0","0","0","0","0","0","0","0","0","0","0","0","0","0","0","0","0","0","0","0","0","0","0","0","0","0","0","0","0","0","0","0","0","0","0","0","0","0","0","0","0","0","0","0","0","0","0","0","0","0","0","0","0","0","0","0","0","0","0","0","0","0","0","0","0","0","0","0","0","0","0","0"
"            Asian; Native Hawaiian and Other Pacific Islander; Some Other Race","0","0","0","0","0","0","0","0","0","0","0","0","0","0","0","0","0","0","0","0","0","0","0","0","0","0","0","0","0","0","0","0","0","0","0","0","0","0","0","0","0","0","0","0","0","0","0","0","0","0","0","0","0","0","0","0","0","0","0","0","0","0","0","0","0","0","0","0","0","0","0","0","0","0","0","0","0","0","0","0","0","0","0","0","0","0","0","0","0","0","0","0","0","0","0","0","0","0","0","0","0","0","0","0","0","0","0","0","0","0","0","0","0","0","0","0","0","0","0","0","0","0","0","0","0","0","0","0","0","0","0","0","0","0","0","0","0","0","0","0","0","0","0","0","0","0","0","0","0","0","0","0","0","0","0","0","0","0","0","0","0","0","0","0","0","0","0","0","0","0","0","0","0","0","0","0","0","0","0","0","0","0","0","0","0","0","0","0","0","0","0","0","0","0","0","0","0","0","0","0","0","0","0","0","0","0","0","0","0","0","0","0","0","0","0","0","0","0","0","0","0","0","0","0","0","0","0","0","0","0","0","0","0","0","0","0"
"        Population of four races:","0","0","1","0","0","1","0","2","3","1","2","1","5","0","2","1","1","1","4","1","1","0","0","0","1","2","1","1","0","4","0","2","1","1","3","0","0","0","3","1","1","2","0","0","2","1","0","6","0","0","1","0","1","0","0","0","0","2","0","1","0","1","0","1","1","1","4","3","0","0","2","0","0","0","1","7","1","3","2","1","4","3","1","0","2","0","0","0","1","0","0","0","6","1","1","1","0","2","0","2","0","0","1","1","3","3","6","0","0","1","0","1","0","2","2","2","0","1","1","0","0","0","3","0","0","1","0","4","1","2","0","1","1","0","1","3","0","0","0","6","0","0","1","0","0","1","1","1","0","0","1","0","1","0","0","1","0","0","0","2","4","0","0","3","0","0","2","3","0","0","2","2","1","0","5","2","0","0","1","3","1","0","2","2","0","1","0","2","0","2","0","0","2","1","0","1","0","0","5","2","2","0","0","0","2","0","2","3","0","0","0","0","1","1","1","0","3","1","0","5","0","0","1","1","0","0","1","3","0","1","0","0","4","3","1","2"
"            White; Black or African American; American Indian and Alaska Native; Asian","0","0","0","0","0","0","0","0","2","0","0","0","0","0","2","0","0","0","3","1","0","0","0","0","1","1","0","1","0","3","0","0","1","0","0","0","0","0","3","0","0","1","0","0","2","0","0","1","0","0","0","0","0","0","0","0","0","2","0","1","0","0","0","1","0","1","1","3","0","0","1","0","0","0","0","0","1","3","1","0","0","0","0","0","0","0","0","0","1","0","0","0","0","0","0","1","0","0","0","1","0","0","1","1","1","3","0","0","0","0","0","1","0","0","0","2","0","0","1","0","0","0","1","0","0","0","0","0","0","0","0","0","0","0","1","0","0","0","0","3","0","0","0","0","0","0","1","0","0","0","0","0","0","0","0","1","0","0","0","2","0","0","0","2","0","0","2","0","0","0","2","2","0","0","0","2","0","0","0","0","1","0","0","1","0","0","0","0","0","0","0","0","2","0","0","0","0","0","3","1","0","0","0","0","0","0","0","0","0","0","0","0","0","0","0","0","0","1","0","1","0","0","1","0","0","0","0","1","0","0","0","0","0","1","1","2"
"            White; Black or African American; American Indian and Alaska Native; Native Hawaiian and Other Pacific Islander","0","0","0","0","0","0","0","0","0","0","0","0","0","0","0","0","0","0","0","0","1","0","0","0","0","0","0","0","0","0","0","0","0","0","0","0","0","0","0","0","0","0","0","0","0","0","0","0","0","0","0","0","0","0","0","0","0","0","0","0","0","0","0","0","1","0","0","0","0","0","0","0","0","0","0","3","0","0","0","0","0","0","0","0","0","0","0","0","0","0","0","0","0","0","0","0","0","0","0","0","0","0","0","0","0","0","0","0","0","0","0","0","0","0","2","0","0","0","0","0","0","0","0","0","0","0","0","0","0","0","0","0","0","0","0","0","0","0","0","1","0","0","0","0","0","0","0","0","0","0","0","0","0","0","0","0","0","0","0","0","0","0","0","1","0","0","0","0","0","0","0","0","0","0","0","0","0","0","0","0","0","0","0","0","0","0","0","0","0","0","0","0","0","0","0","0","0","0","0","0","0","0","0","0","0","0","0","0","0","0","0","0","0","0","0","0","0","0","0","1","0","0","0","0","0","0","0","0","0","0","0","0","0","0","0","0"
"            White; Black or African American; American Indian and Alaska Native; Some Other Race","0","0","0","0","0","0","0","2","1","0","2","1","5","0","0","1","0","0","1","0","0","0","0","0","0","1","1","0","0","0","0","2","0","1","3","0","0","0","0","1","1","1","0","0","0","0","0","3","0","0","1","0","1","0","0","0","0","0","0","0","0","1","0","0","0","0","1","0","0","0","1","0","0","0","1","1","0","0","1","1","4","3","0","0","0","0","0","0","0","0","0","0","6","1","1","0","0","0","0","1","0","0","0","0","0","0","6","0","0","1","0","0","0","0","0","0","0","0","0","0","0","0","2","0","0","0","0","4","0","0","0","0","0","0","0","3","0","0","0","1","0","0","1","0","0","1","0","1","0","0","1","0","1","0","0","0","0","0","0","0","3","0","0","0","0","0","0","3","0","0","0","0","1","0","5","0","0","0","1","1","0","0","0","1","0","1","0","2","0","1","0","0","0","0","0","1","0","0","2","0","2","0","0","0","2","0","2","1","0","0","0","0","1","1","1","0","3","0","0","3","0","0","0","1","0","0","0","2","0","0","0","0","3","2","0","0"
"            White; Black or African American; Asian; Native Hawaiian and Other Pacific Islander","0","0","0","0","0","0","0","0","0","0","0","0","0","0","0","0","0","0","0","0","0","0","0","0","0","0","0","0","0","0","0","0","0","0","0","0","0","0","0","0","0","0","0","0","0","0","0","0","0","0","0","0","0","0","0","0","0","0","0","0","0","0","0","0","0","0","0","0","0","0","0","0","0","0","0","0","0","0","0","0","0","0","0","0","0","0","0","0","0","0","0","0","0","0","0","0","0","0","0","0","0","0","0","0","0","0","0","0","0","0","0","0","0","0","0","0","0","0","0","0","0","0","0","0","0","0","0","0","0","0","0","0","0","0","0","0","0","0","0","0","0","0","0","0","0","0","0","0","0","0","0","0","0","0","0","0","0","0","0","0","0","0","0","0","0","0","0","0","0","0","0","0","0","0","0","0","0","0","0","0","0","0","0","0","0","0","0","0","0","0","0","0","0","1","0","0","0","0","0","1","0","0","0","0","0","0","0","0","0","0","0","0","0","0","0","0","0","0","0","0","0","0","0","0","0","0","0","0","0","0","0","0","0","0","0","0"
"            White; Black or African American; Asian; Some Other Race","0","0","0","0","0","1","0","0","0","0","0","0","0","0","0","0","0","0","0","0","0","0","0","0","0","0","0","0","0","0","0","0","0","0","0","0","0","0","0","0","0","0","0","0","0","0","0","2","0","0","0","0","0","0","0","0","0","0","0","0","0","0","0","0","0","0","0","0","0","0","0","0","0","0","0","3","0","0","0","0","0","0","0","0","0","0","0","0","0","0","0","0","0","0","0","0","0","0","0","0","0","0","0","0","0","0","0","0","0","0","0","0","0","0","0","0","0","1","0","0","0","0","0","0","0","0","0","0","0","0","0","1","1","0","0","0","0","0","0","0","0","0","0","0","0","0","0","0","0","0","0","0","0","0","0","0","0","0","0","0","1","0","0","0","0","0","0","0","0","0","0","0","0","0","0","0","0","0","0","0","0","0","0","0","0","0","0","0","0","1","0","0","0","0","0","0","0","0","0","0","0","0","0","0","0","0","0","2","0","0","0","0","0","0","0","0","0","0","0","0","0","0","0","0","0","0","0","0","0","0","0","0","0","0","0","0"
"            White; Black or African American; Native Hawaiian and Other Pacific Islander; Some Other Race","0","0","0","0","0","0","0","0","0","0","0","0","0","0","0","0","0","0","0","0","0","0","0","0","0","0","0","0","0","0","0","0","0","0","0","0","0","0","0","0","0","0","0","0","0","0","0","0","0","0","0","0","0","0","0","0","0","0","0","0","0","0","0","0","0","0","0","0","0","0","0","0","0","0","0","0","0","0","0","0","0","0","0","0","0","0","0","0","0","0","0","0","0","0","0","0","0","0","0","0","0","0","0","0","0","0","0","0","0","0","0","0","0","0","0","0","0","0","0","0","0","0","0","0","0","0","0","0","0","0","0","0","0","0","0","0","0","0","0","0","0","0","0","0","0","0","0","0","0","0","0","0","0","0","0","0","0","0","0","0","0","0","0","0","0","0","0","0","0","0","0","0","0","0","0","0","0","0","0","0","0","0","0","0","0","0","0","0","0","0","0","0","0","0","0","0","0","0","0","0","0","0","0","0","0","0","0","0","0","0","0","0","0","0","0","0","0","0","0","0","0","0","0","0","0","0","0","0","0","0","0","0","0","0","0","0"
"            White; American Indian and Alaska Native; Asian; Native Hawaiian and Other Pacific Islander","0","0","0","0","0","0","0","0","0","1","0","0","0","0","0","0","0","1","0","0","0","0","0","0","0","0","0","0","0","1","0","0","0","0","0","0","0","0","0","0","0","0","0","0","0","1","0","0","0","0","0","0","0","0","0","0","0","0","0","0","0","0","0","0","0","0","0","0","0","0","0","0","0","0","0","0","0","0","0","0","0","0","1","0","0","0","0","0","0","0","0","0","0","0","0","0","0","0","0","0","0","0","0","0","0","0","0","0","0","0","0","0","0","2","0","0","0","0","0","0","0","0","0","0","0","1","0","0","1","2","0","0","0","0","0","0","0","0","0","0","0","0","0","0","0","0","0","0","0","0","0","0","0","0","0","0","0","0","0","0","0","0","0","0","0","0","0","0","0","0","0","0","0","0","0","0","0","0","0","1","0","0","0","0","0","0","0","0","0","0","0","0","0","0","0","0","0","0","0","0","0","0","0","0","0","0","0","0","0","0","0","0","0","0","0","0","0","0","0","0","0","0","0","0","0","0","0","0","0","0","0","0","0","0","0","0"
"            White; American Indian and Alaska Native; Asian; Some Other Race","0","0","1","0","0","0","0","0","0","0","0","0","0","0","0","0","1","0","0","0","0","0","0","0","0","0","0","0","0","0","0","0","0","0","0","0","0","0","0","0","0","0","0","0","0","0","0","0","0","0","0","0","0","0","0","0","0","0","0","0","0","0","0","0","0","0","2","0","0","0","0","0","0","0","0","0","0","0","0","0","0","0","0","0","2","0","0","0","0","0","0","0","0","0","0","0","0","2","0","0","0","0","0","0","2","0","0","0","0","0","0","0","0","0","0","0","0","0","0","0","0","0","0","0","0","0","0","0","0","0","0","0","0","0","0","0","0","0","0","1","0","0","0","0","0","0","0","0","0","0","0","0","0","0","0","0","0","0","0","0","0","0","0","0","0","0","0","0","0","0","0","0","0","0","0","0","0","0","0","1","0","0","2","0","0","0","0","0","0","0","0","0","0","0","0","0","0","0","0","0","0","0","0","0","0","0","0","0","0","0","0","0","0","0","0","0","0","0","0","0","0","0","0","0","0","0","1","0","0","1","0","0","1","0","0","0"
"            White; American Indian and Alaska Native; Native Hawaiian and Other Pacific Islander; Some Other Race","0","0","0","0","0","0","0","0","0","0","0","0","0","0","0","0","0","0","0","0","0","0","0","0","0","0","0","0","0","0","0","0","0","0","0","0","0","0","0","0","0","0","0","0","0","0","0","0","0","0","0","0","0","0","0","0","0","0","0","0","0","0","0","0","0","0","0","0","0","0","0","0","0","0","0","0","0","0","0","0","0","0","0","0","0","0","0","0","0","0","0","0","0","0","0","0","0","0","0","0","0","0","0","0","0","0","0","0","0","0","0","0","0","0","0","0","0","0","0","0","0","0","0","0","0","0","0","0","0","0","0","0","0","0","0","0","0","0","0","0","0","0","0","0","0","0","0","0","0","0","0","0","0","0","0","0","0","0","0","0","0","0","0","0","0","0","0","0","0","0","0","0","0","0","0","0","0","0","0","0","0","0","0","0","0","0","0","0","0","0","0","0","0","0","0","0","0","0","0","0","0","0","0","0","0","0","0","0","0","0","0","0","0","0","0","0","0","0","0","0","0","0","0","0","0","0","0","0","0","0","0","0","0","0","0","0"
"            White; Asian; Native Hawaiian and Other Pacific Islander; Some Other Race","0","0","0","0","0","0","0","0","0","0","0","0","0","0","0","0","0","0","0","0","0","0","0","0","0","0","0","0","0","0","0","0","0","0","0","0","0","0","0","0","0","0","0","0","0","0","0","0","0","0","0","0","0","0","0","0","0","0","0","0","0","0","0","0","0","0","0","0","0","0","0","0","0","0","0","0","0","0","0","0","0","0","0","0","0","0","0","0","0","0","0","0","0","0","0","0","0","0","0","0","0","0","0","0","0","0","0","0","0","0","0","0","0","0","0","0","0","0","0","0","0","0","0","0","0","0","0","0","0","0","0","0","0","0","0","0","0","0","0","0","0","0","0","0","0","0","0","0","0","0","0","0","0","0","0","0","0","0","0","0","0","0","0","0","0","0","0","0","0","0","0","0","0","0","0","0","0","0","0","0","0","0","0","0","0","0","0","0","0","0","0","0","0","0","0","0","0","0","0","0","0","0","0","0","0","0","0","0","0","0","0","0","0","0","0","0","0","0","0","0","0","0","0","0","0","0","0","0","0","0","0","0","0","0","0","0"
"            Black or African American; American Indian and Alaska Native; Asian; Native Hawaiian and Other Pacific Islander","0","0","0","0","0","0","0","0","0","0","0","0","0","0","0","0","0","0","0","0","0","0","0","0","0","0","0","0","0","0","0","0","0","0","0","0","0","0","0","0","0","0","0","0","0","0","0","0","0","0","0","0","0","0","0","0","0","0","0","0","0","0","0","0","0","0","0","0","0","0","0","0","0","0","0","0","0","0","0","0","0","0","0","0","0","0","0","0","0","0","0","0","0","0","0","0","0","0","0","0","0","0","0","0","0","0","0","0","0","0","0","0","0","0","0","0","0","0","0","0","0","0","0","0","0","0","0","0","0","0","0","0","0","0","0","0","0","0","0","0","0","0","0","0","0","0","0","0","0","0","0","0","0","0","0","0","0","0","0","0","0","0","0","0","0","0","0","0","0","0","0","0","0","0","0","0","0","0","0","0","0","0","0","0","0","0","0","0","0","0","0","0","0","0","0","0","0","0","0","0","0","0","0","0","0","0","0","0","0","0","0","0","0","0","0","0","0","0","0","0","0","0","0","0","0","0","0","0","0","0","0","0","0","0","0","0"
"            Black or African American; American Indian and Alaska Native; Asian; Some Other Race","0","0","0","0","0","0","0","0","0","0","0","0","0","0","0","0","0","0","0","0","0","0","0","0","0","0","0","0","0","0","0","0","0","0","0","0","0","0","0","0","0","0","0","0","0","0","0","0","0","0","0","0","0","0","0","0","0","0","0","0","0","0","0","0","0","0","0","0","0","0","0","0","0","0","0","0","0","0","0","0","0","0","0","0","0","0","0","0","0","0","0","0","0","0","0","0","0","0","0","0","0","0","0","0","0","0","0","0","0","0","0","0","0","0","0","0","0","0","0","0","0","0","0","0","0","0","0","0","0","0","0","0","0","0","0","0","0","0","0","0","0","0","0","0","0","0","0","0","0","0","0","0","0","0","0","0","0","0","0","0","0","0","0","0","0","0","0","0","0","0","0","0","0","0","0","0","0","0","0","0","0","0","0","0","0","0","0","0","0","0","0","0","0","0","0","0","0","0","0","0","0","0","0","0","0","0","0","0","0","0","0","0","0","0","0","0","0","0","0","0","0","0","0","0","0","0","0","0","0","0","0","0","0","0","0","0"
"            Black or African American; American Indian and Alaska Native; Native Hawaiian and Other Pacific Islander; Some Other Race","0","0","0","0","0","0","0","0","0","0","0","0","0","0","0","0","0","0","0","0","0","0","0","0","0","0","0","0","0","0","0","0","0","0","0","0","0","0","0","0","0","0","0","0","0","0","0","0","0","0","0","0","0","0","0","0","0","0","0","0","0","0","0","0","0","0","0","0","0","0","0","0","0","0","0","0","0","0","0","0","0","0","0","0","0","0","0","0","0","0","0","0","0","0","0","0","0","0","0","0","0","0","0","0","0","0","0","0","0","0","0","0","0","0","0","0","0","0","0","0","0","0","0","0","0","0","0","0","0","0","0","0","0","0","0","0","0","0","0","0","0","0","0","0","0","0","0","0","0","0","0","0","0","0","0","0","0","0","0","0","0","0","0","0","0","0","0","0","0","0","0","0","0","0","0","0","0","0","0","0","0","0","0","0","0","0","0","0","0","0","0","0","0","0","0","0","0","0","0","0","0","0","0","0","0","0","0","0","0","0","0","0","0","0","0","0","0","0","0","0","0","0","0","0","0","0","0","0","0","0","0","0","0","0","0","0"
"            Black or African American; Asian; Native Hawaiian and Other Pacific Islander; Some Other Race","0","0","0","0","0","0","0","0","0","0","0","0","0","0","0","0","0","0","0","0","0","0","0","0","0","0","0","0","0","0","0","0","0","0","0","0","0","0","0","0","0","0","0","0","0","0","0","0","0","0","0","0","0","0","0","0","0","0","0","0","0","0","0","0","0","0","0","0","0","0","0","0","0","0","0","0","0","0","0","0","0","0","0","0","0","0","0","0","0","0","0","0","0","0","0","0","0","0","0","0","0","0","0","0","0","0","0","0","0","0","0","0","0","0","0","0","0","0","0","0","0","0","0","0","0","0","0","0","0","0","0","0","0","0","0","0","0","0","0","0","0","0","0","0","0","0","0","0","0","0","0","0","0","0","0","0","0","0","0","0","0","0","0","0","0","0","0","0","0","0","0","0","0","0","0","0","0","0","0","0","0","0","0","0","0","0","0","0","0","0","0","0","0","0","0","0","0","0","0","0","0","0","0","0","0","0","0","0","0","0","0","0","0","0","0","0","0","0","0","0","0","0","0","0","0","0","0","0","0","0","0","0","0","0","0","0"
"            American Indian and Alaska Native; Asian; Native Hawaiian and Other Pacific Islander; Some Other Race","0","0","0","0","0","0","0","0","0","0","0","0","0","0","0","0","0","0","0","0","0","0","0","0","0","0","0","0","0","0","0","0","0","0","0","0","0","0","0","0","0","0","0","0","0","0","0","0","0","0","0","0","0","0","0","0","0","0","0","0","0","0","0","0","0","0","0","0","0","0","0","0","0","0","0","0","0","0","0","0","0","0","0","0","0","0","0","0","0","0","0","0","0","0","0","0","0","0","0","0","0","0","0","0","0","0","0","0","0","0","0","0","0","0","0","0","0","0","0","0","0","0","0","0","0","0","0","0","0","0","0","0","0","0","0","0","0","0","0","0","0","0","0","0","0","0","0","0","0","0","0","0","0","0","0","0","0","0","0","0","0","0","0","0","0","0","0","0","0","0","0","0","0","0","0","0","0","0","0","0","0","0","0","0","0","0","0","0","0","0","0","0","0","0","0","0","0","0","0","0","0","0","0","0","0","0","0","0","0","0","0","0","0","0","0","0","0","0","0","0","0","0","0","0","0","0","0","0","0","0","0","0","0","0","0","0"
"        Population of five races:","0","1","0","1","0","0","0","1","1","0","0","1","0","0","0","0","0","0","0","0","0","0","0","0","0","0","0","0","0","0","0","0","0","0","0","0","0","1","0","0","0","0","0","0","0","0","0","0","0","0","1","1","0","0","2","0","0","0","0","0","0","0","1","0","0","0","0","2","0","0","0","0","1","0","0","0","0","0","0","0","1","0","0","0","0","0","2","1","0","0","1","0","0","0","0","0","0","0","0","0","0","0","0","0","0","0","0","0","0","0","0","0","0","0","0","0","0","0","2","0","0","0","0","2","0","0","0","0","0","0","0","0","0","0","0","1","0","0","0","0","0","0","0","0","0","0","1","0","0","2","0","0","0","1","0","0","0","0","0","0","0","0","0","0","0","0","1","0","1","0","0","0","0","0","0","0","0","0","0","0","0","0","0","0","0","0","0","0","0","1","0","0","0","0","0","2","0","0","0","0","0","1","0","0","0","0","1","0","0","0","0","0","0","0","0","0","0","0","1","0","0","0","0","0","0","1","0","0","1","0","0","0","0","0","0","0"
"            White; Black or African American; American Indian and Alaska Native; Asian; Native Hawaiian and Other Pacific Islander","0","0","0","0","0","0","0","1","1","0","0","1","0","0","0","0","0","0","0","0","0","0","0","0","0","0","0","0","0","0","0","0","0","0","0","0","0","1","0","0","0","0","0","0","0","0","0","0","0","0","1","0","0","0","2","0","0","0","0","0","0","0","1","0","0","0","0","0","0","0","0","0","0","0","0","0","0","0","0","0","0","0","0","0","0","0","1","1","0","0","1","0","0","0","0","0","0","0","0","0","0","0","0","0","0","0","0","0","0","0","0","0","0","0","0","0","0","0","2","0","0","0","0","0","0","0","0","0","0","0","0","0","0","0","0","0","0","0","0","0","0","0","0","0","0","0","0","0","0","0","0","0","0","0","0","0","0","0","0","0","0","0","0","0","0","0","0","0","0","0","0","0","0","0","0","0","0","0","0","0","0","0","0","0","0","0","0","0","0","0","0","0","0","0","0","2","0","0","0","0","0","1","0","0","0","0","1","0","0","0","0","0","0","0","0","0","0","0","1","0","0","0","0","0","0","1","0","0","1","0","0","0","0","0","0","0"
"            White; Black or African American; American Indian and Alaska Native; Asian; Some Other Race","0","1","0","1","0","0","0","0","0","0","0","0","0","0","0","0","0","0","0","0","0","0","0","0","0","0","0","0","0","0","0","0","0","0","0","0","0","0","0","0","0","0","0","0","0","0","0","0","0","0","0","1","0","0","0","0","0","0","0","0","0","0","0","0","0","0","0","2","0","0","0","0","1","0","0","0","0","0","0","0","1","0","0","0","0","0","1","0","0","0","0","0","0","0","0","0","0","0","0","0","0","0","0","0","0","0","0","0","0","0","0","0","0","0","0","0","0","0","0","0","0","0","0","1","0","0","0","0","0","0","0","0","0","0","0","1","0","0","0","0","0","0","0","0","0","0","1","0","0","2","0","0","0","1","0","0","0","0","0","0","0","0","0","0","0","0","1","0","1","0","0","0","0","0","0","0","0","0","0","0","0","0","0","0","0","0","0","0","0","0","0","0","0","0","0","0","0","0","0","0","0","0","0","0","0","0","0","0","0","0","0","0","0","0","0","0","0","0","0","0","0","0","0","0","0","0","0","0","0","0","0","0","0","0","0","0"
"            White; Black or African American; American Indian and Alaska Native; Native Hawaiian and Other Pacific Islander; Some Other Race","0","0","0","0","0","0","0","0","0","0","0","0","0","0","0","0","0","0","0","0","0","0","0","0","0","0","0","0","0","0","0","0","0","0","0","0","0","0","0","0","0","0","0","0","0","0","0","0","0","0","0","0","0","0","0","0","0","0","0","0","0","0","0","0","0","0","0","0","0","0","0","0","0","0","0","0","0","0","0","0","0","0","0","0","0","0","0","0","0","0","0","0","0","0","0","0","0","0","0","0","0","0","0","0","0","0","0","0","0","0","0","0","0","0","0","0","0","0","0","0","0","0","0","0","0","0","0","0","0","0","0","0","0","0","0","0","0","0","0","0","0","0","0","0","0","0","0","0","0","0","0","0","0","0","0","0","0","0","0","0","0","0","0","0","0","0","0","0","0","0","0","0","0","0","0","0","0","0","0","0","0","0","0","0","0","0","0","0","0","0","0","0","0","0","0","0","0","0","0","0","0","0","0","0","0","0","0","0","0","0","0","0","0","0","0","0","0","0","0","0","0","0","0","0","0","0","0","0","0","0","0","0","0","0","0","0"
"            White; Black or African American; Asian; Native Hawaiian and Other Pacific Islander; Some Other Race","0","0","0","0","0","0","0","0","0","0","0","0","0","0","0","0","0","0","0","0","0","0","0","0","0","0","0","0","0","0","0","0","0","0","0","0","0","0","0","0","0","0","0","0","0","0","0","0","0","0","0","0","0","0","0","0","0","0","0","0","0","0","0","0","0","0","0","0","0","0","0","0","0","0","0","0","0","0","0","0","0","0","0","0","0","0","0","0","0","0","0","0","0","0","0","0","0","0","0","0","0","0","0","0","0","0","0","0","0","0","0","0","0","0","0","0","0","0","0","0","0","0","0","0","0","0","0","0","0","0","0","0","0","0","0","0","0","0","0","0","0","0","0","0","0","0","0","0","0","0","0","0","0","0","0","0","0","0","0","0","0","0","0","0","0","0","0","0","0","0","0","0","0","0","0","0","0","0","0","0","0","0","0","0","0","0","0","0","0","0","0","0","0","0","0","0","0","0","0","0","0","0","0","0","0","0","0","0","0","0","0","0","0","0","0","0","0","0","0","0","0","0","0","0","0","0","0","0","0","0","0","0","0","0","0","0"
"            White; American Indian and Alaska Native; Asian; Native Hawaiian and Other Pacific Islander; Some Other Race","0","0","0","0","0","0","0","0","0","0","0","0","0","0","0","0","0","0","0","0","0","0","0","0","0","0","0","0","0","0","0","0","0","0","0","0","0","0","0","0","0","0","0","0","0","0","0","0","0","0","0","0","0","0","0","0","0","0","0","0","0","0","0","0","0","0","0","0","0","0","0","0","0","0","0","0","0","0","0","0","0","0","0","0","0","0","0","0","0","0","0","0","0","0","0","0","0","0","0","0","0","0","0","0","0","0","0","0","0","0","0","0","0","0","0","0","0","0","0","0","0","0","0","1","0","0","0","0","0","0","0","0","0","0","0","0","0","0","0","0","0","0","0","0","0","0","0","0","0","0","0","0","0","0","0","0","0","0","0","0","0","0","0","0","0","0","0","0","0","0","0","0","0","0","0","0","0","0","0","0","0","0","0","0","0","0","0","0","0","1","0","0","0","0","0","0","0","0","0","0","0","0","0","0","0","0","0","0","0","0","0","0","0","0","0","0","0","0","0","0","0","0","0","0","0","0","0","0","0","0","0","0","0","0","0","0"
"            Black or African American; American Indian and Alaska Native; Asian; Native Hawaiian and Other Pacific Islander; Some Other Race","0","0","0","0","0","0","0","0","0","0","0","0","0","0","0","0","0","0","0","0","0","0","0","0","0","0","0","0","0","0","0","0","0","0","0","0","0","0","0","0","0","0","0","0","0","0","0","0","0","0","0","0","0","0","0","0","0","0","0","0","0","0","0","0","0","0","0","0","0","0","0","0","0","0","0","0","0","0","0","0","0","0","0","0","0","0","0","0","0","0","0","0","0","0","0","0","0","0","0","0","0","0","0","0","0","0","0","0","0","0","0","0","0","0","0","0","0","0","0","0","0","0","0","0","0","0","0","0","0","0","0","0","0","0","0","0","0","0","0","0","0","0","0","0","0","0","0","0","0","0","0","0","0","0","0","0","0","0","0","0","0","0","0","0","0","0","0","0","0","0","0","0","0","0","0","0","0","0","0","0","0","0","0","0","0","0","0","0","0","0","0","0","0","0","0","0","0","0","0","0","0","0","0","0","0","0","0","0","0","0","0","0","0","0","0","0","0","0","0","0","0","0","0","0","0","0","0","0","0","0","0","0","0","0","0","0"
"        Population of six races:","0","0","0","0","0","0","0","0","0","0","0","0","0","0","0","0","0","0","0","0","0","0","0","0","0","0","0","0","0","0","0","0","0","0","0","0","0","0","0","0","0","0","0","0","0","0","0","0","0","0","0","0","0","0","0","0","0","0","0","0","0","0","0","0","0","0","0","0","0","0","0","0","0","0","0","0","0","0","0","0","0","0","0","0","0","0","0","0","0","0","0","0","0","0","0","0","0","0","0","0","0","0","0","0","0","0","0","0","0","0","0","0","0","0","0","0","0","0","0","0","0","0","0","0","0","0","0","0","0","0","0","0","0","0","0","0","0","0","0","0","0","0","0","0","0","0","0","0","0","0","0","0","0","0","0","0","0","0","0","0","0","0","0","0","0","0","0","0","0","0","0","0","0","0","0","0","0","0","0","0","0","0","0","0","0","0","0","0","0","0","0","0","0","0","0","0","0","0","0","0","0","0","0","0","0","0","0","0","0","0","0","0","0","0","0","0","0","0","0","0","0","0","0","0","0","0","0","0","0","0","0","0","0","0","0","0"
"            White; Black or African American; American Indian and Alaska Native; Asian; Native Hawaiian and Other Pacific Islander; Some Other Race","0","0","0","0","0","0","0","0","0","0","0","0","0","0","0","0","0","0","0","0","0","0","0","0","0","0","0","0","0","0","0","0","0","0","0","0","0","0","0","0","0","0","0","0","0","0","0","0","0","0","0","0","0","0","0","0","0","0","0","0","0","0","0","0","0","0","0","0","0","0","0","0","0","0","0","0","0","0","0","0","0","0","0","0","0","0","0","0","0","0","0","0","0","0","0","0","0","0","0","0","0","0","0","0","0","0","0","0","0","0","0","0","0","0","0","0","0","0","0","0","0","0","0","0","0","0","0","0","0","0","0","0","0","0","0","0","0","0","0","0","0","0","0","0","0","0","0","0","0","0","0","0","0","0","0","0","0","0","0","0","0","0","0","0","0","0","0","0","0","0","0","0","0","0","0","0","0","0","0","0","0","0","0","0","0","0","0","0","0","0","0","0","0","0","0","0","0","0","0","0","0","0","0","0","0","0","0","0","0","0","0","0","0","0","0","0","0","0","0","0","0","0","0","0","0","0","0","0","0","0","0","0","0","0","0","0"